codigo_siniestro,fecha_siniestro,hora_siniestro,clase_siniestro,cantidad_de_fallecidos,cantidad_de_lesionados,cantidad_de_vehiculos_danados,departamento,provincia,distrito,zona,tipo_de_via,red_vial,cod_carretera,coordenadas_latitud,coordenadas_longitud,condicionclimatica,zonificacion,caracteristicas_de_via,perfil_longitudinal_via,superficie_de_calzada,existe_senal_vertical,clasificacionde_la_senal_vertical_no_1,clasificacionde_la_senal_vertical_no_2,existe_senal_horizontal,causa_factor_principal,causa_especifica
A-2023-03-144,2023-03-16,22:30,VOLCADURA,1,0,,LIMA,LIMA,SAN JUAN DE LURIGANCHO,URBANA,AVENIDA,URBANO,NO CORRESPONDE,-12.02998879,-77.02038547,DESPEJADO,COMERCIAL,TRAMO RECTO,PLANA ,ASFALTADA,,,,,IMPRUDENCIA DEL CONDUCTOR,EXCESO DE VELOCIDAD
A-2023-03-112,2023-03-17,09:50,CHOQUE,1,0,1.0,CALLAO,CALLAO,CALLAO,URBANA,CARRETERA,NACIONAL,PE-20,-12.0356703147664,-77.1275317486346,DESPEJADO,INDUSTRIAL,TRAMO RECTO,PLANA ,ASFALTADA,SI,REGULADORA (R),,SI,IMPRUDENCIA DEL CONDUCTOR,OTRO (IMPRUDENCIA DEL CONDUCTOR)
A-2023-03-145,2023-03-17,19:20,CHOQUE,1,1,,LIMA,LIMA,COMAS,URBANA,AVENIDA,URBANO,NO CORRESPONDE,-11.913066255519231,-77.00300212566364,DESPEJADO,RESIDENCIAL,TRAMO RECTO,PLANA ,ASFALTADA,,,,,EN PROCESO DE INVESTIGACIÓN,NO CUENTA CON CAUSA ESPECIFICA
A-2023-03-146,2023-03-18,16:30,CHOQUE,1,1,,LIMA,LIMA,SAN JUAN DE LURIGANCHO,URBANA,AVENIDA,URBANO,NO CORRESPONDE,-11.97644482,-77.00207644,DESPEJADO,COMERCIAL,TRAMO RECTO,PLANA ,ASFALTADA,,,,,IMPRUDENCIA DEL CONDUCTOR,VEHÍCULO MAL ESTACIONADO
A-2023-03-147,2023-03-19,05:55,ATROPELLO FUGA,1,0,,LIMA,LIMA,PUENTE PIEDRA,URBANA,CARRETERA,NACIONAL,PE-1N,-11.872306,-77.069443,DESPEJADO,COMERCIAL,TRAMO RECTO,PLANA ,ASFALTADA,,,,,EN PROCESO DE INVESTIGACIÓN,NO CUENTA CON CAUSA ESPECIFICA
A-2023-03-150,2023-03-19,06:25,DESPISTE,1,0,,LIMA,LIMA,PUENTE PIEDRA,URBANA,CARRETERA,NACIONAL,PE-1N,-11.894874,-77.068026,DESPEJADO,COMERCIAL,TRAMO RECTO,PLANA ,ASFALTADA,,,,,IMPRUDENCIA DEL CONDUCTOR,OTRO (IMPRUDENCIA DEL CONDUCTOR)
A-2023-03-148,2023-03-19,06:50,ATROPELLO,1,0,,LIMA,LIMA,VILLA EL SALVADOR,URBANA,AVENIDA,URBANO,NO CORRESPONDE,-12.23215271,-76.92550453,DESPEJADO,RESIDENCIAL,TRAMO RECTO,PLANA ,ASFALTADA,,,,,IMPRUDENCIA DEL PEATÓN,ESTADO DE EBRIEDAD Y/O DROGADICCIÓN
A-2023-03-149,2023-03-19,10:15,CHOQUE,1,0,,LIMA,LIMA,SAN BORJA,URBANA,AVENIDA,URBANO,NO CORRESPONDE,-12.103769417849724,-77.00134451399319,DESPEJADO,COMERCIAL,TRAMO RECTO,PLANA ,ASFALTADA,,,,,NEGLIGENCIA DEL CONDUCTOR,OTRO (NEGLIGENCIA DEL CONDUCTOR)
A-2023-03-151,2023-03-20,16:45,CHOQUE,1,1,,LIMA,LIMA,COMAS,URBANA,AVENIDA,URBANO,NO CORRESPONDE,-11.920433,-77.041833,DESPEJADO,COMERCIAL,TRAMO RECTO,PLANA ,ASFALTADA,,,,,EN PROCESO DE INVESTIGACIÓN,NO CUENTA CON CAUSA ESPECIFICA
A-2023-03-152,2023-03-21,08:30,CHOQUE,1,0,,LIMA,LIMA,JESUS MARIA,URBANA,AVENIDA,URBANO,NO CORRESPONDE,-12.07380405,-77.04644437,DESPEJADO,RESIDENCIAL,TRAMO RECTO,PLANA ,ASFALTADA,,,,,EN PROCESO DE INVESTIGACIÓN,NO CUENTA CON CAUSA ESPECIFICA
A-2023-03-153,2023-03-22,19:40,CHOQUE,1,6,,LIMA,LIMA,ATE,URBANA,CARRETERA,NACIONAL,PE-22,-12.00078285218256,-76.83970770106689,DESPEJADO,COMERCIAL,TRAMO RECTO,PLANA ,ASFALTADA,,,,,NEGLIGENCIA DEL CONDUCTOR,OTRO (NEGLIGENCIA DEL CONDUCTOR)
A-2023-03-154,2023-03-25,01:45,CHOQUE FUGA,1,0,,LIMA,LIMA,CHACLACAYO,URBANA,CARRETERA,NACIONAL,PE-22,-11.987369,-76.813531,DESPEJADO,RESIDENCIAL,TRAMO RECTO,PLANA ,ASFALTADA,,,,,IMPRUDENCIA DEL CONDUCTOR,EXCESO DE VELOCIDAD
A-2023-03-155,2023-03-25,16:40,ATROPELLO,1,0,,LIMA,LIMA,LIMA,URBANA,AVENIDA,URBANO,NO CORRESPONDE,-12.03553729,-77.06534623,DESPEJADO,RESIDENCIAL,INTERSECCIÓN,PLANA ,ASFALTADA,,,,,IMPRUDENCIA DEL PEATÓN,OTRO (IMPRUDENCIA DEL PEATÓN)
A-2023-03-157,2023-03-28,07:10,CHOQUE,1,6,,LIMA,LIMA,CARABAYLLO,RURAL,CARRETERA,NACIONAL,PE-20A,-11.789697,-76.982849,DESPEJADO,RURAL,TRAMO RECTO,PLANA ,ASFALTADA,SI,REGULADORA (R),,NO,IMPRUDENCIA DEL CONDUCTOR,OTRO (IMPRUDENCIA DEL CONDUCTOR)
A-2023-03-156,2023-03-28,16:00,ATROPELLO,1,0,,LIMA,LIMA,COMAS,URBANA,CARRETERA,NACIONAL,PE-1N,-11.927892649661825,-77.07262012961597,DESPEJADO,COMERCIAL,TRAMO RECTO,PLANA ,ASFALTADA,,,,,IMPRUDENCIA DEL PEATÓN,OTRO (IMPRUDENCIA DEL PEATÓN)
A-2023-03-158,2023-03-31,12:30,CHOQUE,1,0,,LIMA,LIMA,SAN BORJA,URBANA,CARRETERA,NACIONAL,PE-1S,-12.109276,-76.978491,DESPEJADO,RESIDENCIAL,TRAMO RECTO,PLANA ,ASFALTADA,,,,,IMPRUDENCIA DEL CONDUCTOR,OTRO (IMPRUDENCIA DEL CONDUCTOR)
A-2023-04-140,2023-04-01,20:50,ATROPELLO FUGA,1,1,,LIMA,LIMA,SURQUILLO,URBANA,AVENIDA,URBANO,NO CORRESPONDE,-12.113598546581429,-76.99475546746805,DESPEJADO,RESIDENCIAL,TRAMO RECTO,PLANA ,ASFALTADA,,,,,EN PROCESO DE INVESTIGACIÓN,NO CUENTA CON CAUSA ESPECIFICA
A-2023-04-139,2023-04-01,22:20,ATROPELLO,1,0,,LIMA,LIMA,LURIN,URBANA,CARRETERA,NACIONAL,PE-1S,-12.285617,-76.874719,DESPEJADO,COMERCIAL,TRAMO RECTO,PLANA ,ASFALTADA,,,,,IMPRUDENCIA DEL PEATÓN,CRUCE INDEBIDO POR LA CALZADA
A-2023-04-142,2023-04-02,04:00,ATROPELLO FUGA,1,0,,LIMA,LIMA,PUNTA HERMOSA,URBANA,CARRETERA,NACIONAL,PE-1S,-12.316674301303449,-76.83106026157697,DESPEJADO,RURAL,TRAMO RECTO,PLANA ,ASFALTADA,,,,,EN PROCESO DE INVESTIGACIÓN,NO CUENTA CON CAUSA ESPECIFICA
A-2023-04-145,2023-04-02,07:30,CHOQUE FUGA,1,0,,LIMA,LIMA,LURIGANCHO,RURAL,CARRETERA,NACIONAL,PE-22,-12.021318,-76.930528,DESPEJADO,RURAL,TRAMO RECTO,PLANA ,ASFALTADA,,,,,IMPRUDENCIA DEL CONDUCTOR,NO ESTABLECER EL DERECHO DE PASO
A-2023-04-141,2023-04-02,11:45,ATROPELLO,1,0,,LIMA,LIMA,COMAS,URBANA,AVENIDA,URBANO,NO CORRESPONDE,-11.957287243185698,-77.05289503640583,DESPEJADO,COMERCIAL,TRAMO RECTO,PLANA ,ASFALTADA,,,,,EN PROCESO DE INVESTIGACIÓN,NO CUENTA CON CAUSA ESPECIFICA
A-2023-04-147,2023-04-03,06:50,CHOQUE,1,0,,LIMA,LIMA,MAGDALENA DEL MAR,URBANA,OTRO,URBANO,NO CORRESPONDE,-12.097690075769856,-77.07298478904971,DESPEJADO,COMERCIAL,TRAMO RECTO,PLANA ,ASFALTADA,,,,,IMPRUDENCIA DEL CONDUCTOR,CONDUCIR EN ESTADO DE EBRIEDAD Y/O DROGADICCIÓN
A-2023-04-21,2023-04-05,19:40,CHOQUE,1,0,1.0,CALLAO,CALLAO,CALLAO,URBANA,AVENIDA,URBANO,NO CORRESPONDE,-12.0495024,-77.111637117,DESPEJADO,COMERCIAL,TRAMO RECTO,PLANA ,ASFALTADA,SI,REGULADORA (R),,SI,IMPRUDENCIA DEL CONDUCTOR,INVASIÓN DE CARRIL
A-2023-04-144,2023-04-06,18:00,ATROPELLO FUGA,1,0,,LIMA,LIMA,SAN MARTIN DE PORRES,URBANA,AVENIDA,URBANO,NO CORRESPONDE,-11.98188834,-77.09332269,DESPEJADO,RESIDENCIAL,TRAMO RECTO,PLANA ,ASFALTADA,,,,,EN PROCESO DE INVESTIGACIÓN,NO CUENTA CON CAUSA ESPECIFICA
A-2023-04-143,2023-04-07,02:30,ATROPELLO FUGA,1,0,,LIMA,LIMA,LURIN,RURAL,CARRETERA,NACIONAL,PE-1S,-12.30289024592764,-76.84266349381855,DESPEJADO,INDUSTRIAL,TRAMO RECTO,PLANA ,ASFALTADA,,,,,IMPRUDENCIA DEL PEATÓN,OTRO (IMPRUDENCIA DEL PEATÓN)
A-2023-04-151,2023-04-07,04:50,DESPISTE,1,1,,LIMA,LIMA,EL AGUSTINO,URBANA,CARRETERA,NACIONAL,PE-1N,-12.0299579102563,-76.99432096385232,DESPEJADO,RESIDENCIAL,TRAMO RECTO,PLANA ,ASFALTADA,,,,,IMPRUDENCIA DEL CONDUCTOR,OTRO (IMPRUDENCIA DEL CONDUCTOR)
A-2023-04-152,2023-04-08,06:50,ATROPELLO,1,0,,LIMA,LIMA,ANCON,URBANA,CARRETERA,NACIONAL,PE-1N,-11.75884746,-77.15368618,DESPEJADO,INDUSTRIAL,TRAMO RECTO,PLANA ,ASFALTADA,,,,,IMPRUDENCIA DEL CONDUCTOR,OTRO (IMPRUDENCIA DEL CONDUCTOR)
A-2023-04-153,2023-04-08,10:40,ATROPELLO,1,0,,LIMA,LIMA,CHORRILLOS,URBANA,CARRETERA,NACIONAL,PE-1S,-12.214472,-76.976484,DESPEJADO,INDUSTRIAL,TRAMO RECTO,PLANA ,ASFALTADA,,,,,IMPRUDENCIA DEL PEATÓN,OTRO (IMPRUDENCIA DEL PEATÓN)
A-2023-04-154,2023-04-08,23:00,DESPISTE,1,0,,LIMA,LIMA,SANTIAGO DE SURCO,URBANA,AVENIDA,URBANO,NO CORRESPONDE,-12.147633905434658,-76.98657473392949,DESPEJADO,COMERCIAL,TRAMO RECTO,PLANA ,ASFALTADA,,,,,IMPRUDENCIA DEL CONDUCTOR,OTRO (IMPRUDENCIA DEL CONDUCTOR)
A-2023-04-113,2023-04-09,06:00,CHOQUE,1,0,1.0,CALLAO,CALLAO,CALLAO,URBANA,AUTOPISTA,URBANO,NO CORRESPONDE,-12.0150373,-77.093949617,DESPEJADO,RESIDENCIAL,TRAMO RECTO,PLANA ,ASFALTADA,SI,INFORMATIVA (I),,NO,IMPRUDENCIA DEL CONDUCTOR,CONDUCIR EN ESTADO DE EBRIEDAD Y/O DROGADICCIÓN
A-2023-04-155,2023-04-09,17:20,ATROPELLO,1,0,,LIMA,LIMA,ATE,URBANA,CARRETERA,NACIONAL,PE-22,-12.01301814,-76.88077749,DESPEJADO,RESIDENCIAL,INTERSECCIÓN,INCLINADA,ASFALTADA,,,,,EN PROCESO DE INVESTIGACIÓN,NO CUENTA CON CAUSA ESPECIFICA
A-2023-04-8,2023-04-10,10:30,ATROPELLO,1,0,1.0,CALLAO,CALLAO,MI PERU,URBANA,CARRETERA,NACIONAL,PE-20,-11.8422136100802,-77.1155101642242,DESPEJADO,COMERCIAL,TRAMO RECTO,PLANA ,ASFALTADA,SI,INFORMATIVA (I),,SI,IMPRUDENCIA DEL CONDUCTOR,OTRO (IMPRUDENCIA DEL CONDUCTOR)
A-2023-04-124,2023-04-11,09:00,ATROPELLO,1,1,,CALLAO,CALLAO,CALLAO,URBANA,AVENIDA,URBANO,NO CORRESPONDE,-12.0165152,-77.105584617,DESPEJADO,COMERCIAL,TRAMO RECTO,PLANA ,ASFALTADA,NO,,,SI,EN PROCESO DE INVESTIGACIÓN,NO CUENTA CON CAUSA ESPECIFICA
A-2023-04-156,2023-04-11,18:15,CHOQUE,1,0,,LIMA,LIMA,VILLA EL SALVADOR,URBANA,AVENIDA,URBANO,NO CORRESPONDE,-12.19660856,-76.93395764,DESPEJADO,INDUSTRIAL,TRAMO RECTO,PLANA ,ASFALTADA,,,,,IMPRUDENCIA DEL CONDUCTOR,OTRO (IMPRUDENCIA DEL CONDUCTOR)
A-2023-04-171,2023-04-12,00:00,ATROPELLO,1,0,,LIMA,LIMA,LIMA,URBANA,AVENIDA,URBANO,NO CORRESPONDE,-12.05666629,-77.01475186,DESPEJADO,COMERCIAL,INTERSECCIÓN,PLANA ,ASFALTADA,,,,,IMPRUDENCIA DEL CONDUCTOR,OTRO (IMPRUDENCIA DEL CONDUCTOR)
A-2023-04-170,2023-04-12,13:00,DESPISTE,1,0,,LIMA,LIMA,PACHACAMAC,URBANA,CALLE,URBANO,NO CORRESPONDE,-12.10407387,-76.87515432,DESPEJADO,RURAL,INTERSECCIÓN,PLANA ,ASFALTADA,,,,,IMPRUDENCIA DEL CONDUCTOR,OTRO (IMPRUDENCIA DEL CONDUCTOR)
A-2023-04-185,2023-04-12,13:00,VOLCADURA,1,0,,LIMA,LIMA,PACHACAMAC,URBANA,CALLE,URBANO,NO CORRESPONDE,-12.10407896228532,-76.87514312224006,NUBLADO,RESIDENCIAL,INTERSECCIÓN,PLANA ,ASFALTADA,,,,,IMPRUDENCIA DEL CONDUCTOR,EXCESO DE VELOCIDAD
A-2023-04-157,2023-04-14,23:30,ATROPELLO,1,0,,LIMA,LIMA,SAN JUAN DE MIRAFLORES,URBANA,AVENIDA,URBANO,NO CORRESPONDE,-12.18767261,-76.95869849,DESPEJADO,COMERCIAL,INTERSECCIÓN,INCLINADA,ASFALTADA,,,,,IMPRUDENCIA DEL CONDUCTOR,OTRO (IMPRUDENCIA DEL CONDUCTOR)
A-2023-04-150,2023-04-16,04:40,ATROPELLO,1,0,,LIMA,LIMA,LA VICTORIA,URBANA,AVENIDA,URBANO,NO CORRESPONDE,-12.06694023,-76.99849473,DESPEJADO,INDUSTRIAL,TRAMO RECTO,PLANA ,ASFALTADA,,,,,EN PROCESO DE INVESTIGACIÓN,NO CUENTA CON CAUSA ESPECIFICA
A-2023-04-149,2023-04-22,03:30,ATROPELLO FUGA,1,0,,LIMA,LIMA,LIMA,URBANA,AVENIDA,URBANO,NO CORRESPONDE,-12.05920463,-77.01355817,DESPEJADO,COMERCIAL,INTERSECCIÓN,PLANA ,ASFALTADA,,,,,EN PROCESO DE INVESTIGACIÓN,NO CUENTA CON CAUSA ESPECIFICA
A-2023-04-148,2023-04-22,09:40,ATROPELLO FUGA,1,0,,LIMA,LIMA,ATE,URBANA,AVENIDA,URBANO,NO CORRESPONDE,-12.01599061,-76.89060504,DESPEJADO,INDUSTRIAL,CURVA,PLANA ,ASFALTADA,,,,,IMPRUDENCIA DEL CONDUCTOR,OTRO (IMPRUDENCIA DEL CONDUCTOR)
A-2023-04-146,2023-04-23,12:20,ATROPELLO,1,0,,LIMA,LIMA,SAN JUAN DE LURIGANCHO,URBANA,AVENIDA,URBANO,NO CORRESPONDE,-12.01432112,-77.00172697,DESPEJADO,COMERCIAL,TRAMO RECTO,PLANA ,ASFALTADA,,,,,IMPRUDENCIA DEL CONDUCTOR,EXCESO DE VELOCIDAD
A-2023-04-138,2023-04-23,14:10,ATROPELLO,1,0,,LIMA,LIMA,VILLA MARIA DEL TRIUNFO,URBANA,AVENIDA,URBANO,NO CORRESPONDE,-12.17091248,-76.946248,DESPEJADO,RESIDENCIAL,CURVA,PLANA ,ASFALTADA,,,,,IMPRUDENCIA DEL CONDUCTOR,OTRO (IMPRUDENCIA DEL CONDUCTOR)
A-2023-04-136,2023-04-24,04:30,CHOQUE,1,0,,LIMA,LIMA,ATE,URBANA,CARRETERA,NACIONAL,PE-22,-12.008281,-76.860416,DESPEJADO,COMERCIAL,TRAMO RECTO,INCLINADA,ASFALTADA,,,,,IMPRUDENCIA DEL CONDUCTOR,OTRO (IMPRUDENCIA DEL CONDUCTOR)
A-2023-04-137,2023-04-24,09:30,DESPISTE,1,0,,LIMA,LIMA,SAN MARTIN DE PORRES,URBANA,AVENIDA,URBANO,NO CORRESPONDE,-12.03035888,-77.06053602,DESPEJADO,RESIDENCIAL,TRAMO RECTO,PLANA ,ASFALTADA,NO,,,SI,IMPRUDENCIA DEL CONDUCTOR,OTRO (IMPRUDENCIA DEL CONDUCTOR)
A-2023-04-135,2023-04-24,13:20,ATROPELLO,1,0,,LIMA,LIMA,SANTA ANITA,URBANA,AVENIDA,URBANO,NO CORRESPONDE,-12.05344617,-76.96525251,DESPEJADO,COMERCIAL,TRAMO RECTO,PLANA ,ASFALTADA,SI,INFORMATIVA (I),,SI,IMPRUDENCIA DEL CONDUCTOR,OTRO (IMPRUDENCIA DEL CONDUCTOR)
A-2023-04-133,2023-04-24,16:30,CAÍDA DE PASAJERO,1,0,,LIMA,LIMA,PUNTA HERMOSA,RURAL,AVENIDA,URBANO,NO CORRESPONDE,-12.30346628,-76.7806483,DESPEJADO,RURAL,TRAMO RECTO,INCLINADA,TROCHA,,,,,IMPRUDENCIA DEL CONDUCTOR,OTRO (IMPRUDENCIA DEL CONDUCTOR)
A-2023-04-134,2023-04-25,15:20,CHOQUE,1,0,,LIMA,LIMA,ATE,RURAL,AVENIDA,URBANO,NO CORRESPONDE,-12.02083116,-76.81139937,DESPEJADO,ESCOLAR,CURVA,INCLINADA,ASFALTADA,,,,,IMPRUDENCIA DEL CONDUCTOR,OTRO (IMPRUDENCIA DEL CONDUCTOR)
A-2023-04-131,2023-04-27,06:23,ATROPELLO FUGA,1,0,,LIMA,LIMA,LURIGANCHO,URBANA,AVENIDA,URBANO,NO CORRESPONDE,-12.00777096,-76.92043616,DESPEJADO,INDUSTRIAL,INTERSECCIÓN,PLANA ,ASFALTADA,,,,,EN PROCESO DE INVESTIGACIÓN,NO CUENTA CON CAUSA ESPECIFICA
A-2023-04-132,2023-04-27,10:31,ATROPELLO FUGA,1,0,,LIMA,LIMA,LA MOLINA,URBANA,CARRETERA,NACIONAL,PE-1S,-12.075539,-76.974923,DESPEJADO,RESIDENCIAL,TRAMO RECTO,PLANA ,ASFALTADA,SI,REGULADORA (R),,SI,EN PROCESO DE INVESTIGACIÓN,NO CUENTA CON CAUSA ESPECIFICA
A-2023-04-129,2023-04-27,18:50,ATROPELLO,1,0,,LIMA,LIMA,SAN JUAN DE LURIGANCHO,URBANA,AVENIDA,URBANO,NO CORRESPONDE,-12.00268844,-76.99903106,DESPEJADO,COMERCIAL,INTERSECCIÓN,PLANA ,ASFALTADA,,,,,IMPRUDENCIA DEL CONDUCTOR,OTRO (IMPRUDENCIA DEL CONDUCTOR)
A-2023-04-121,2023-04-28,09:10,ATROPELLO,1,0,,LIMA,LIMA,BARRANCO,URBANA,AVENIDA,URBANO,NO CORRESPONDE,-12.15348967,-77.01962601,DESPEJADO,ESCOLAR,INTERSECCIÓN,INCLINADA,ASFALTADA,SI,PREVENTIVA (P),REGULADORA (R),SI,IMPRUDENCIA DEL CONDUCTOR,OTRO (IMPRUDENCIA DEL CONDUCTOR)
A-2023-04-128,2023-04-29,13:00,VOLCADURA,1,0,,LIMA,LIMA,VILLA EL SALVADOR,RURAL,CARRETERA,NACIONAL,PE-1S,-12.242372,-76.944312,DESPEJADO,RURAL,TRAMO RECTO,PLANA ,ASFALTADA,,,,,EN PROCESO DE INVESTIGACIÓN,NO CUENTA CON CAUSA ESPECIFICA
A-2023-04-127,2023-04-29,13:45,CHOQUE,2,0,,LIMA,LIMA,CARABAYLLO,URBANA,AVENIDA,URBANO,NO CORRESPONDE,-11.87353797,-77.01561197,DESPEJADO,COMERCIAL,INTERSECCIÓN,INCLINADA,ASFALTADA,SI,PREVENTIVA (P),,NO,EN PROCESO DE INVESTIGACIÓN,NO CUENTA CON CAUSA ESPECIFICA
A-2023-04-122,2023-04-29,16:15,DESPISTE,1,0,,LIMA,LIMA,MIRAFLORES,URBANA,AVENIDA,URBANO,NO CORRESPONDE,-12.10873273,-77.02668939,DESPEJADO,RESIDENCIAL,INTERSECCIÓN,PLANA ,ASFALTADA,SI,REGULADORA (R),,SI,EN PROCESO DE INVESTIGACIÓN,NO CUENTA CON CAUSA ESPECIFICA
A-2023-04-126,2023-04-30,05:00,ATROPELLO,1,0,,LIMA,LIMA,CARABAYLLO,URBANA,AVENIDA,URBANO,NO CORRESPONDE,-11.89864717,-77.03846028,DESPEJADO,COMERCIAL,TRAMO RECTO,PLANA ,ASFALTADA,,,,,EN PROCESO DE INVESTIGACIÓN,NO CUENTA CON CAUSA ESPECIFICA
A-2023-04-125,2023-04-30,11:30,CHOQUE,1,9,,LIMA,LIMA,VILLA EL SALVADOR,URBANA,AVENIDA,URBANO,NO CORRESPONDE,-12.22638233,-76.9354564,DESPEJADO,RESIDENCIAL,INTERSECCIÓN,PLANA ,ASFALTADA,,,,,IMPRUDENCIA DEL CONDUCTOR,EXCESO DE VELOCIDAD
A-2023-04-123,2023-04-30,15:30,DESPISTE,2,1,,LIMA,LIMA,EL AGUSTINO,URBANA,CARRETERA,NACIONAL,PE-22,-12.030709,-76.983637,DESPEJADO,INDUSTRIAL,TRAMO RECTO,PLANA ,ASFALTADA,,,,,NEGLIGENCIA DEL CONDUCTOR,OTRO (NEGLIGENCIA DEL CONDUCTOR)
A-2023-05-140,2023-05-03,10:30,ATROPELLO,1,0,,LIMA,LIMA,SAN JUAN DE LURIGANCHO,URBANA,JIRÓN,URBANO,NO CORRESPONDE,-11.96311927,-76.98319507,DESPEJADO,RESIDENCIAL,INTERSECCIÓN,PLANA ,ASFALTADA,,,,,IMPRUDENCIA DEL CONDUCTOR,OTRO (IMPRUDENCIA DEL CONDUCTOR)
A-2023-05-139,2023-05-06,09:23,ATROPELLO,1,0,,LIMA,LIMA,SAN JUAN DE LURIGANCHO,URBANA,AVENIDA,URBANO,NO CORRESPONDE,-11.96782396,-77.00390032,DESPEJADO,COMERCIAL,TRAMO RECTO,PLANA ,ASFALTADA,,,,,EN PROCESO DE INVESTIGACIÓN,NO CUENTA CON CAUSA ESPECIFICA
A-2023-05-155,2023-05-06,15:40,CHOQUE,1,0,,LIMA,LIMA,SANTIAGO DE SURCO,RURAL,CARRETERA,NACIONAL,PE-1S,-12.143686,-76.981723,DESPEJADO,INDUSTRIAL,TRAMO RECTO,PLANA ,ASFALTADA,,,,,IMPRUDENCIA DEL CONDUCTOR,OTRO (IMPRUDENCIA DEL CONDUCTOR)
A-2023-05-174,2023-05-06,15:40,CHOQUE,1,0,,LIMA,LIMA,SANTIAGO DE SURCO,URBANA,CARRETERA,NACIONAL,PE-1S,-12.143750308314194,-76.98170268928794,DESPEJADO,RESIDENCIAL,TRAMO RECTO,PLANA ,ASFALTADA,,,,,IMPRUDENCIA DEL CONDUCTOR,GIRAR IMPRUDENTEMENTE
A-2023-05-138,2023-05-06,22:40,ATROPELLO,1,0,,LIMA,LIMA,INDEPENDENCIA,URBANA,AVENIDA,URBANO,NO CORRESPONDE,-12.002167065249218,-77.05499941826353,DESPEJADO,COMERCIAL,TRAMO RECTO,INCLINADA,ASFALTADA,,,,,EN PROCESO DE INVESTIGACIÓN,NO CUENTA CON CAUSA ESPECIFICA
A-2023-05-137,2023-05-07,00:40,CHOQUE,1,0,,LIMA,LIMA,LOS OLIVOS,URBANA,AVENIDA,URBANO,NO CORRESPONDE,-11.98023189,-77.07220528,DESPEJADO,COMERCIAL,INTERSECCIÓN,PLANA ,ASFALTADA,,,,,EN PROCESO DE INVESTIGACIÓN,NO CUENTA CON CAUSA ESPECIFICA
A-2023-05-136,2023-05-08,05:00,CHOQUE,1,24,,LIMA,LIMA,SAN BORJA,URBANA,CARRETERA,NACIONAL,PE-1S,-12.094176,-76.980606,DESPEJADO,COMERCIAL,TRAMO RECTO,PLANA ,ASFALTADA,,,,,EN PROCESO DE INVESTIGACIÓN,NO CUENTA CON CAUSA ESPECIFICA
A-2023-05-135,2023-05-10,13:50,ATROPELLO FUGA,1,0,,LIMA,LIMA,VILLA EL SALVADOR,RURAL,CARRETERA,NACIONAL,PE-1S,-12.24054167,-76.9477022,DESPEJADO,INDUSTRIAL,TRAMO RECTO,PLANA ,ASFALTADA,,,,,EN PROCESO DE INVESTIGACIÓN,NO CUENTA CON CAUSA ESPECIFICA
A-2023-05-134,2023-05-11,12:30,CHOQUE,1,0,,LIMA,LIMA,LURIGANCHO,URBANA,AVENIDA,URBANO,NO CORRESPONDE,-11.9985816,-76.92668958,DESPEJADO,RESIDENCIAL,INTERSECCIÓN,PLANA ,ASFALTADA,,,,,IMPRUDENCIA DEL CONDUCTOR,OTRO (IMPRUDENCIA DEL CONDUCTOR)
A-2023-05-133,2023-05-11,18:50,DESPISTE,1,0,,LIMA,LIMA,VILLA MARIA DEL TRIUNFO,URBANA,JIRÓN,URBANO,NO CORRESPONDE,-12.1840592,-76.93914062,DESPEJADO,RESIDENCIAL,TRAMO RECTO,INCLINADA,ASFALTADA,,,,,EN PROCESO DE INVESTIGACIÓN,NO CUENTA CON CAUSA ESPECIFICA
A-2023-05-132,2023-05-12,21:00,ATROPELLO,1,0,,LIMA,LIMA,LURIN,RURAL,CARRETERA,NACIONAL,PE-1S,-12.28162677,-76.88079856,DESPEJADO,INDUSTRIAL,TRAMO RECTO,PLANA ,ASFALTADA,SI,INFORMATIVA (I),,NO,IMPRUDENCIA DEL PEATÓN,OTRO (IMPRUDENCIA DEL PEATÓN)
A-2023-05-131,2023-05-13,10:30,ATROPELLO,1,1,,LIMA,LIMA,RIMAC,URBANA,JIRÓN,URBANO,NO CORRESPONDE,-12.03779377,-77.02698101,DESPEJADO,RESIDENCIAL,INTERSECCIÓN,PLANA ,ASFALTADA,,,,,EN PROCESO DE INVESTIGACIÓN,NO CUENTA CON CAUSA ESPECIFICA
A-2023-05-130,2023-05-14,07:00,ATROPELLO,1,0,,LIMA,LIMA,SAN MARTIN DE PORRES,URBANA,AVENIDA,URBANO,NO CORRESPONDE,-12.02103639,-77.08656019,DESPEJADO,RESIDENCIAL,INTERSECCIÓN,PLANA ,ASFALTADA,SI,PREVENTIVA (P),,NO,EN PROCESO DE INVESTIGACIÓN,NO CUENTA CON CAUSA ESPECIFICA
A-2023-05-129,2023-05-14,16:40,ATROPELLO,1,0,,LIMA,LIMA,LURIN,URBANA,CARRETERA,NACIONAL,PE-1S,-12.302955,-76.84265,DESPEJADO,INDUSTRIAL,TRAMO RECTO,INCLINADA,ASFALTADA,,,,,IMPRUDENCIA DEL PEATÓN,OTRO (IMPRUDENCIA DEL PEATÓN)